{
  "top": {
    "position": {
      "x": 6.099999999999994,
      "y": 0.9999999999999992,
      "z": 2.8000000000000007
    },
    "rotation": {
      "x": 0.7999999999999998,
      "y": -0.76,
      "z": -1.3600000000000005
    }
  },
  "bottom": {
    "position": {
      "x": -6.099999999999994,
      "y": -0.09999999999999937,
      "z": 2.9000000000000012
    },
    "rotation": {
      "x": 0.36,
      "y": -0.28,
      "z": -1.2000000000000004
    }
  },
  "reset": {
    "position": {
      "x": 0,
      "y": 0,
      "z": 0
    },
    "rotation": {
      "x": 0,
      "y": 0,
      "z": 0
    }
  }
}