{
  "top": {
    "position": {
      "x": 6.099999999999994,
      "y": 0.9999999999999992,
      "z": 2.8000000000000007
    },
    "rotation": {
      "x": 0.7999999999999998,
      "y": -0.76,
      "z": -1.3600000000000005
    }
  },
  "bottom": {
    "position": {
      "x": -2.7000000000000006,
      "y": 0.10000000000000064,
      "z": 0.40000000000000036
    },
    "rotation": {
      "x": 0.36,
      "y": -0.28,
      "z": -1.2000000000000004
    }
  },
  "reset": {
    "position": {
      "x": 0,
      "y": 0,
      "z": 0
    },
    "rotation": {
      "x": 0,
      "y": 0,
      "z": 0
    }
  }
}